{
  "best_accuracy": 95.35,
  "confusion_matrix_path": "confusion_matrix_wsuda.csv",
  "classification_report": {
    "0": {
      "precision": 0.9622833843017329,
      "recall": 0.944,
      "f1-score": 0.9530540131246845,
      "support": 1000.0
    },
    "1": {
      "precision": 0.9450441609421001,
      "recall": 0.963,
      "f1-score": 0.9539375928677564,
      "support": 1000.0
    },
    "accuracy": 0.9535,
    "macro avg": {
      "precision": 0.9536637726219165,
      "recall": 0.9535,
      "f1-score": 0.9534958029962204,
      "support": 2000.0
    },
    "weighted avg": {
      "precision": 0.9536637726219165,
      "recall": 0.9535,
      "f1-score": 0.9534958029962204,
      "support": 2000.0
    }
  },
  "training_history": {
    "epoch": [
      1,
      2,
      3,
      4,
      5,
      6,
      7,
      8,
      9,
      10
    ],
    "loss_main": [
      3.8578903611331063,
      2.9116189836818265,
      2.688001976931159,
      2.6315129682979483,
      2.5395580052054503,
      2.5611037545025668,
      2.506977550486192,
      2.5078114111793233,
      2.497502820377044,
      2.4889168790317475
    ],
    "loss_D": [
      5.124406577686575,
      2.6132983822236087,
      2.640067357047994,
      2.6165742180564187,
      2.54052735675465,
      2.562032057767246,
      2.513966213573109,
      2.507596694211909,
      2.4966935968654043,
      2.4921340480845244
    ],
    "accuracy": [
      87.05000000000001,
      92.85,
      93.45,
      92.35,
      94.3,
      94.45,
      94.8,
      95.05,
      95.3,
      95.35
    ],
    "lambda": [
      0.046001175940715205,
      0.07604689412614206,
      0.904663909767166,
      0.9638381863945726,
      0.9865430080472031,
      0.9950283035988239,
      0.9981681365971631,
      0.9993257047120758,
      0.9997518877491178,
      0.9999087174455632
    ]
  },
  "vectorizer_path": "tfidf_vectorizer_wsuda.pkl",
  "model_path": "wsuda_tfidf_best.pt",
  "domain_weights_path": "domain_weights_wsuda.csv",
  "source_domains": [
    "books",
    "dvd",
    "electronics"
  ],
  "average_domain_weights": [
    0.35023820400238037,
    0.340060293674469,
    0.3097018599510193
  ],
  "hyperparameters": {
    "learning_rate_main": 0.0001,
    "learning_rate_d": 5e-05,
    "batch_size": 32,
    "num_epochs": 10,
    "n_critic": 5,
    "alpha": 1.0,
    "beta": 1.0,
    "gamma": 0.5
  }
}