{
  "accuracy": 94.25,
  "confusion_matrix": [
    [
      961,
      39
    ],
    [
      76,
      924
    ]
  ],
  "classification_report": {
    "Negative": {
      "precision": 0.926711668273867,
      "recall": 0.961,
      "f1-score": 0.9435444280805105,
      "support": 1000.0
    },
    "Positive": {
      "precision": 0.9595015576323987,
      "recall": 0.924,
      "f1-score": 0.9414161996943454,
      "support": 1000.0
    },
    "accuracy": 0.9425,
    "macro avg": {
      "precision": 0.9431066129531329,
      "recall": 0.9425,
      "f1-score": 0.942480313887428,
      "support": 2000.0
    },
    "weighted avg": {
      "precision": 0.9431066129531329,
      "recall": 0.9425,
      "f1-score": 0.942480313887428,
      "support": 2000.0
    }
  },
  "model_path": "2st_uda_best.pt",
  "hyperparameters": {
    "stage1_epochs": 10,
    "stage2_confidence_init": 0.98,
    "stage2_confidence_decay": 0.02,
    "stage2_finetune_epochs": 20
  }
}